<keymap version="1" name="GNOME copy" parent="Default for GNOME">
  <action id="$Copy">
    <keyboard-shortcut first-keystroke="ctrl c" />
  </action>
  <action id="$Cut">
    <keyboard-shortcut first-keystroke="ctrl x" />
  </action>
  <action id="$Paste">
    <keyboard-shortcut first-keystroke="ctrl v" />
  </action>
  <action id="$Redo">
    <keyboard-shortcut first-keystroke="ctrl y" />
  </action>
  <action id="$Undo">
    <keyboard-shortcut first-keystroke="ctrl z" />
  </action>
  <action id="ActivateTerminalToolWindow">
    <keyboard-shortcut first-keystroke="ctrl back_quote" />
  </action>
  <action id="Android.CreateSampleDataDirectory">
    <keyboard-shortcut first-keystroke="ctrl n" second-keystroke="d" />
  </action>
  <action id="Arrangement.Alias.Rule.Edit" />
  <action id="Arrangement.Rule.Edit" />
  <action id="Arrangement.Rule.Match.Condition.Move.Down" />
  <action id="Arrangement.Rule.Match.Condition.Move.Up" />
  <action id="AutoIndentLines">
    <keyboard-shortcut first-keystroke="ctrl close_bracket" />
  </action>
  <action id="ChangeSignature">
    <keyboard-shortcut first-keystroke="f2" />
  </action>
  <action id="ChangesView.AddUnversioned" />
  <action id="ChangesView.Rename">
    <keyboard-shortcut first-keystroke="shift f6" />
  </action>
  <action id="ChangesView.Revert" />
  <action id="ChangesView.ShelveSilently" />
  <action id="CheckinProject" />
  <action id="ClassTemplateNavigation" />
  <action id="CloseAllEditors">
    <keyboard-shortcut first-keystroke="shift ctrl w" />
  </action>
  <action id="CloseContent">
    <keyboard-shortcut first-keystroke="ctrl w" />
  </action>
  <action id="CollapseBlock" />
  <action id="CollapseRegion">
    <keyboard-shortcut first-keystroke="shift ctrl open_bracket" />
  </action>
  <action id="CollapseSelection" />
  <action id="CommentByBlockComment">
    <keyboard-shortcut first-keystroke="shift ctrl slash" />
  </action>
  <action id="CommentByLineComment">
    <keyboard-shortcut first-keystroke="ctrl slash" />
  </action>
  <action id="CompareTwoFiles" />
  <action id="Console.Execute.Multiline" />
  <action id="Console.Jdbc.Execute" />
  <action id="Console.Jpa.GenerateSql" />
  <action id="Console.TableResult.EditValue">
    <keyboard-shortcut first-keystroke="enter" />
    <keyboard-shortcut first-keystroke="alt enter" />
  </action>
  <action id="Console.TableResult.FindInGrid">
    <keyboard-shortcut first-keystroke="shift alt 3" />
  </action>
  <action id="Console.TableResult.Reload" />
  <action id="Console.TableResult.Submit" />
  <action id="CopyElement" />
  <action id="CopyPaths" />
  <action id="CopyReference" />
  <action id="DatabaseView.CopyTable" />
  <action id="DatabaseView.Refresh" />
  <action id="Debug">
    <keyboard-shortcut first-keystroke="f5" />
  </action>
  <action id="Debugger.EditArrayFilter" />
  <action id="Debugger.EditCustomField" />
  <action id="DecrementWindowHeight" />
  <action id="Diff.ShowDiff" />
  <action id="DirDiffMenu.SynchronizeDiff.All" />
  <action id="Editor Redo">
    <keyboard-shortcut first-keystroke="ctrl y" />
  </action>
  <action id="EditorCloneCaretAbove">
    <keyboard-shortcut first-keystroke="alt up" />
  </action>
  <action id="EditorCloneCaretBelow">
    <keyboard-shortcut first-keystroke="alt down" />
  </action>
  <action id="EditorCodeBlockEnd" />
  <action id="EditorCodeBlockEndWithSelection" />
  <action id="EditorCodeBlockStart" />
  <action id="EditorCodeBlockStartWithSelection" />
  <action id="EditorCompleteStatement" />
  <action id="EditorCreateRectangularSelection" />
  <action id="EditorCreateRectangularSelectionOnMouseDrag">
    <mouse-shortcut keystroke="alt button1" />
  </action>
  <action id="EditorDeleteLine">
    <keyboard-shortcut first-keystroke="shift ctrl k" />
  </action>
  <action id="EditorDuplicate">
    <keyboard-shortcut first-keystroke="shift ctrl l" />
  </action>
  <action id="EditorFocusGutter" />
  <action id="EditorMatchBrace">
    <keyboard-shortcut first-keystroke="ctrl b" />
  </action>
  <action id="EditorPasteSimple" />
  <action id="EditorScrollToCenter" />
  <action id="EditorSelectLine">
    <keyboard-shortcut first-keystroke="ctrl l" />
  </action>
  <action id="EditorSelectWord">
    <keyboard-shortcut first-keystroke="ctrl m" />
  </action>
  <action id="EditorSplitLine" />
  <action id="EditorStartNewLine">
    <keyboard-shortcut first-keystroke="shift enter" />
    <keyboard-shortcut first-keystroke="ctrl enter" />
  </action>
  <action id="EditorStartNewLineBefore">
    <keyboard-shortcut first-keystroke="shift ctrl enter" />
  </action>
  <action id="EditorToggleCase">
    <keyboard-shortcut first-keystroke="ctrl u" />
  </action>
  <action id="EditorToggleColumnMode" />
  <action id="EditorUnSelectWord">
    <keyboard-shortcut first-keystroke="shift ctrl m" />
  </action>
  <action id="ExpandRegion">
    <keyboard-shortcut first-keystroke="shift ctrl close_bracket" />
  </action>
  <action id="ExpressionTypeInfo" />
  <action id="FileChooser.GotoDesktop" />
  <action id="FileChooser.NewFolder">
    <keyboard-shortcut first-keystroke="alt insert" />
  </action>
  <action id="FileChooser.TogglePathShowing" />
  <action id="Find">
    <keyboard-shortcut first-keystroke="ctrl f" />
  </action>
  <action id="FindNext">
    <keyboard-shortcut first-keystroke="f3" />
  </action>
  <action id="FindPrevious">
    <keyboard-shortcut first-keystroke="shift f3" />
  </action>
  <action id="Generate">
    <keyboard-shortcut first-keystroke="ctrl t" second-keystroke="i" />
  </action>
  <action id="GenerateModuleDescriptors">
    <keyboard-shortcut first-keystroke="ctrl t" second-keystroke="d" />
  </action>
  <action id="Git.Branches" />
  <action id="Git.Reword.Commit">
    <keyboard-shortcut first-keystroke="shift f6" />
  </action>
  <action id="GoToClass" />
  <action id="GotoAction">
    <keyboard-shortcut first-keystroke="shift ctrl p" />
  </action>
  <action id="GotoChangedFile" />
  <action id="GotoClass" />
  <action id="GotoDeclaration">
    <mouse-shortcut keystroke="control button1" />
  </action>
  <action id="GotoFile">
    <keyboard-shortcut first-keystroke="ctrl p" />
  </action>
  <action id="GotoNextError" />
  <action id="GotoNextIncompletePropertyAction" />
  <action id="GotoSuperMethod" />
  <action id="GotoSymbol">
    <keyboard-shortcut first-keystroke="shift ctrl alt n" />
    <keyboard-shortcut first-keystroke="shift ctrl o" />
  </action>
  <action id="GotoTest" />
  <action id="Graph.ApplyCurrentLayout" />
  <action id="Groovy.Shell.Execute" />
  <action id="GuiDesigner.EditComponent" />
  <action id="GuiDesigner.EditGroup" />
  <action id="IncrementWindowHeight" />
  <action id="InsertLiveTemplate">
    <keyboard-shortcut first-keystroke="ctrl t" second-keystroke="t" />
  </action>
  <action id="Jdbc.OpenEditor.DDL">
    <mouse-shortcut keystroke="control button1" />
  </action>
  <action id="KotlinShellExecute" />
  <action id="ManageRecentProjects">
    <keyboard-shortcut first-keystroke="ctrl r" />
  </action>
  <action id="MethodDown" />
  <action id="MethodHierarchy" />
  <action id="MethodUp" />
  <action id="MoveElementLeft" />
  <action id="MoveElementRight" />
  <action id="NewClass">
    <keyboard-shortcut first-keystroke="ctrl n" second-keystroke="c" />
  </action>
  <action id="NewDir">
    <keyboard-shortcut first-keystroke="ctrl n" second-keystroke="p" />
  </action>
  <action id="NewFile">
    <keyboard-shortcut first-keystroke="ctrl n" second-keystroke="f" />
  </action>
  <action id="NewScratchFile" />
  <action id="NextParameter" />
  <action id="NextTemplateVariable">
    <keyboard-shortcut first-keystroke="tab" />
  </action>
  <action id="OptimizeImports">
    <keyboard-shortcut first-keystroke="ctrl t" second-keystroke="f" />
  </action>
  <action id="ParameterInfo" />
  <action id="PasteMultiple" />
  <action id="PrevParameter" />
  <action id="PreviousTemplateVariable" />
  <action id="QuickChangeScheme" />
  <action id="Refresh" />
  <action id="RenameElement">
    <keyboard-shortcut first-keystroke="f2" />
  </action>
  <action id="RenameFile">
    <keyboard-shortcut first-keystroke="f2" />
  </action>
  <action id="ReopenClosedTab">
    <keyboard-shortcut first-keystroke="shift ctrl t" />
  </action>
  <action id="Replace">
    <keyboard-shortcut first-keystroke="ctrl h" />
  </action>
  <action id="ReplaceInPath">
    <keyboard-shortcut first-keystroke="shift ctrl h" />
  </action>
  <action id="Rerun" />
  <action id="ResetColumnsWidth" />
  <action id="ResizeToolWindowDown" />
  <action id="ResizeToolWindowUp" />
  <action id="ResourceExplorer.show" />
  <action id="Run">
    <keyboard-shortcut first-keystroke="ctrl f5" />
  </action>
  <action id="ScrollTreeToCenter" />
  <action id="SelectNextOccurrence">
    <keyboard-shortcut first-keystroke="ctrl d" />
  </action>
  <action id="SendEOF" />
  <action id="ServiceView.ShowServices" />
  <action id="ShelvedChanges.Rename">
    <keyboard-shortcut first-keystroke="shift f6" />
  </action>
  <action id="ShowContent" />
  <action id="ShowSearchHistory" />
  <action id="SmartTypeCompletion" />
  <action id="SurroundWith">
    <keyboard-shortcut first-keystroke="ctrl t" second-keystroke="s" />
  </action>
  <action id="SurroundWithLiveTemplate">
    <keyboard-shortcut first-keystroke="ctrl t" second-keystroke="w" />
  </action>
  <action id="TypeHierarchy" />
  <action id="TypeHierarchyBase.BaseOnThisType" />
  <action id="UnselectPreviousOccurrence" />
  <action id="Unwrap" />
  <action id="Vcs.Log.FocusTextFilter" />
  <action id="Vcs.Log.GoToRef">
    <keyboard-shortcut first-keystroke="shift alt 3" />
  </action>
  <action id="Vcs.Log.Refresh" />
  <action id="Vcs.Push" />
  <action id="Vcs.QuickListPopupAction">
    <keyboard-shortcut first-keystroke="shift ctrl g" />
  </action>
  <action id="Vcs.ShowMessageHistory">
    <keyboard-shortcut first-keystroke="ctrl e" />
  </action>
  <action id="Vcs.UpdateProject" />
  <action id="ViewSource" />
  <action id="XDebugger.EditWatch" />
  <action id="XDebugger.SetValue" />
  <action id="openAssertEqualsDiff" />
</keymap>